id,prompt,answer
00066667,"In Alice's Wonderland, a secret bit manipulation rule transforms 8-bit binary numbers. The transformation involves operations like bit shifts, rotations, XOR, AND, OR, NOT, and possibly majority or choice functions.

Here are some examples of input -> output:
01010001 -> 11011101
00001001 -> 01101101
00010101 -> 01010101
11111111 -> 10000001
10011101 -> 01000101
00111011 -> 00001001
10111101 -> 00000101
00100110 -> 10110011

Now, determine the output for: 00110100",10010111